id,type,sub_type,start_date,end_date,listing_type,tom,building_age,total_floor_count,floor_no,room_count,size,address,furnished,heating_type,price,price_currency,abs_error,sq_error,abs_error_%,ФИО,Группа,predicted_price
49,Konut,Kooperatif,11/10/18,12/10/18,1,30,0,10,Müstakil,1+0,1.0,İzmir/Aliağa/Yenişakran,,Fancoil,300000.0,TRY,166397.24,27688041479.617596,55.46574666666666,Юсупов Айдар Ришатович,23П-1,466397.24
506,Konut,Çiftlik Evi,10/25/18,2/23/19,1,121,2,2,,2+2,250.0,İzmir/Foça/Yeniköy,,Yok,1600000.0,TRY,1728152.27,2986510268306.153,108.009516875,Юсупов Айдар Ришатович,23П-1,-128152.27
2,Konut,Daire,2/13/19,,1,14,0,20 ve üzeri,20 ve üzeri,1+0,43.0,İstanbul/Kartal/Kordonboyu,,Fancoil,490000.0,TRY,363821.5,132366083862.25,74.24928571428572,Юсупов Айдар Ришатович,23П-1,126178.5
528,Konut,Prefabrik Ev,11/16/18,1/21/19,1,66,,1,,3+1,122.0,Tekirdağ/Çerkezköy/Kızılpınar,,Yok,103600.0,TRY,660062.53,435682543510.0009,637.1259942084943,Юсупов Айдар Ришатович,23П-1,763662.53
109,Konut,Kooperatif,11/10/18,1/9/19,1,60,0,10,Müstakil,1+0,1.0,İzmir/Aliağa/Yenişakran,,Fancoil,300000.0,TRY,0.10999999998603016,0.012099999996926635,3.666666666201006e-05,Юсупов Айдар Ришатович,23П-1,300000.11
100,Konut,Yazlık,1/12/19,,1,46,1,10,9,3+1,150.0,Mersin/Erdemli/Kargıpınarı,,Fancoil,500000.0,TRY,436383.05000000005,190430166327.30255,87.27661,Юсупов Айдар Ришатович,23П-1,936383.05
320,Konut,Yazlık,2/12/19,2/12/19,1,0,0,2,Müstakil,4+1,134.0,Balıkesir/Burhaniye/Pelitköy,,Fancoil,1000000.0,TRY,444655.26,197718300245.6676,44.465526,Юсупов Айдар Ришатович,23П-1,555344.74
3,Konut,Daire,10/9/18,11/8/18,1,30,0,1,Yüksek Giriş,2+1,,Tekirdağ/Çorlu/Reşadiye,,Fancoil,155000.0,TRY,764753.12,584847334549.7344,493.3891096774193,Юсупов Айдар Ришатович,23П-1,919753.12
7810,Konut,Loft,12/30/18,1/29/19,1,30,,4,,4+1,145.0,İzmir/Konak/Akın Simav,,Kalorifer (Doğalgaz),650000.0,TRY,538283.47,289749094075.24084,82.81284153846154,Юсупов Айдар Ришатович,23П-1,1188283.47
11,Konut,Müstakil Ev,11/13/18,11/26/18,1,13,0,1,Bahçe katı,3+1,125.0,Muğla/Bodrum/Ortakentyahşi,,Fancoil,2450000.0,TRY,1987673.28,3950845068025.9585,81.12952163265307,Юсупов Айдар Ришатович,23П-1,462326.72
1,Konut,Rezidans,12/10/18,1/9/19,2,30,0,20 ve üzeri,2,2+1,90.0,İstanbul/Kartal/Kordonboyu,,Fancoil,3500.0,TRY,731180.05,534624265518.00256,20890.858571428573,Юсупов Айдар Ришатович,23П-1,734680.05
758,Konut,Çiftlik Evi,2/17/19,,2,10,2,1,,1+0,120.0,Malatya/Akçadağ/Aksüt,,Yok,19000.0,TRY,111949.44,12532677116.3136,589.2075789473683,Юсупов Айдар Ришатович,23П-1,-92949.44
496,Konut,Komple Bina,11/21/18,,2,98,0,4,,+,905.0,Kocaeli/İzmit/Alikahya Fatih,,Yok,12500.0,TRY,1053555.33,1109978833371.409,8428.44264,Юсупов Айдар Ришатович,23П-1,1066055.33
7,Konut,Daire,1/4/19,,2,54,0,20 ve üzeri,14,3+1,160.0,İstanbul/Kartal/Kordonboyu,,Fancoil,3750.0,TRY,270739.69,73299979741.2961,7219.725066666666,Юсупов Айдар Ришатович,23П-1,-266989.69
1942,Konut,Yalı Dairesi,11/27/18,,2,92,,2,1,3+1,,Muğla/Marmaris/Siteler,,Yok,750.0,TRY,639027.22,408355787900.92834,85203.62933333333,Юсупов Айдар Ришатович,23П-1,639777.22
58,Konut,Villa,10/2/18,11/1/18,2,30,6-10 arası,2,,4+1,200.0,İzmir/Urla/Çamlıçay,,Fancoil,3600.0,TRY,354982.03,126012241622.92091,9860.611944444445,Юсупов Айдар Ришатович,23П-1,358582.03
91731,Konut,Loft,9/10/18,2/9/19,2,152,,9,,2+1,,Adana/Seyhan/Gürselpaşa,,Kombi (Doğalgaz),16000.0,TRY,150044.33,22513300965.148895,937.7770624999998,Юсупов Айдар Ришатович,23П-1,-134044.33
680,Konut,Yazlık,11/15/18,,2,104,11-15 arası,2,Komple,2+1,85.0,Aydın/Kuşadası/Kadınlar Denizi,,Yok,1200.0,TRY,319125.23,101840912422.55289,26593.769166666665,Юсупов Айдар Ришатович,23П-1,-317925.23
16,Konut,Villa,10/2/18,1/4/19,2,94,6-10 arası,2,,4+1,200.0,İzmir/Urla/Çamlıçay,,Fancoil,3600.0,TRY,0.0,0.0,0.0,Юсупов Айдар Ришатович,23П-1,3600.0
18,Konut,Daire,12/10/18,1/9/19,2,30,0,20 ve üzeri,20 ve üzeri,2+1,84.0,İstanbul/Kartal/Kordonboyu,,Fancoil,4200.0,TRY,216992.92,47085927330.1264,5166.498095238096,Юсупов Айдар Ришатович,23П-1,221192.92
