id,type,sub_type,start_date,end_date,listing_type,tom,building_age,total_floor_count,floor_no,room_count,size,address,furnished,heating_type,price,price_currency,predicted_price,ФИО,Группа
49,Konut,Kooperatif,1541808000,1544400000,1,30,0,10.0,,1+0,1.0,İzmir/Aliağa/Yenişakran,,Fancoil,300000.0,TRY,300000.87,Юсупов Айдар Ришатович,23П-1
506,Konut,Çiftlik Evi,1540425600,1550880000,1,121,2,2.0,,2+2,250.0,İzmir/Foça/Yeniköy,,Yok,1600000.0,TRY,1600000.29,Юсупов Айдар Ришатович,23П-1
2,Konut,Daire,1550016000,-9223372037,1,14,0,,,1+0,43.0,İstanbul/Kartal/Kordonboyu,,Fancoil,490000.0,TRY,489999.42,Юсупов Айдар Ришатович,23П-1
528,Konut,Prefabrik Ev,1542326400,1548028800,1,66,,1.0,,3+1,122.0,Tekirdağ/Çerkezköy/Kızılpınar,,Yok,103600.0,TRY,103600.24,Юсупов Айдар Ришатович,23П-1
109,Konut,Kooperatif,1541808000,1546992000,1,60,0,10.0,,1+0,1.0,İzmir/Aliağa/Yenişakran,,Fancoil,300000.0,TRY,300000.89,Юсупов Айдар Ришатович,23П-1
100,Konut,Yazlık,1547251200,-9223372037,1,46,1,10.0,9.0,3+1,150.0,Mersin/Erdemli/Kargıpınarı,,Fancoil,500000.0,TRY,499999.6,Юсупов Айдар Ришатович,23П-1
320,Konut,Yazlık,1549929600,1549929600,1,0,0,2.0,,4+1,134.0,Balıkesir/Burhaniye/Pelitköy,,Fancoil,1000000.0,TRY,999999.98,Юсупов Айдар Ришатович,23П-1
3,Konut,Daire,1539043200,1541635200,1,30,0,1.0,,2+1,,Tekirdağ/Çorlu/Reşadiye,,Fancoil,155000.0,TRY,155000.51,Юсупов Айдар Ришатович,23П-1
7810,Konut,Loft,1546128000,1548720000,1,30,,4.0,,4+1,145.0,İzmir/Konak/Akın Simav,,Kalorifer (Doğalgaz),650000.0,TRY,650000.28,Юсупов Айдар Ришатович,23П-1
11,Konut,Müstakil Ev,1542067200,1543190400,1,13,0,1.0,,3+1,125.0,Muğla/Bodrum/Ortakentyahşi,,Fancoil,2450000.0,TRY,2450000.33,Юсупов Айдар Ришатович,23П-1
1,Konut,Rezidans,1544400000,1546992000,2,30,0,,2.0,2+1,90.0,İstanbul/Kartal/Kordonboyu,,Fancoil,3500.0,TRY,3500.2,Юсупов Айдар Ришатович,23П-1
758,Konut,Çiftlik Evi,1550361600,-9223372037,2,10,2,1.0,,1+0,120.0,Malatya/Akçadağ/Aksüt,,Yok,19000.0,TRY,18998.96,Юсупов Айдар Ришатович,23П-1
496,Konut,Komple Bina,1542758400,-9223372037,2,98,0,4.0,,+,905.0,Kocaeli/İzmit/Alikahya Fatih,,Yok,12500.0,TRY,12498.92,Юсупов Айдар Ришатович,23П-1
7,Konut,Daire,1546560000,-9223372037,2,54,0,,14.0,3+1,160.0,İstanbul/Kartal/Kordonboyu,,Fancoil,3750.0,TRY,3748.9,Юсупов Айдар Ришатович,23П-1
1942,Konut,Yalı Dairesi,1543276800,-9223372037,2,92,,2.0,1.0,3+1,,Muğla/Marmaris/Siteler,,Yok,750.0,TRY,749.6,Юсупов Айдар Ришатович,23П-1
58,Konut,Villa,1538438400,1541030400,2,30,6-10 arası,2.0,,4+1,200.0,İzmir/Urla/Çamlıçay,,Fancoil,3600.0,TRY,3600.32,Юсупов Айдар Ришатович,23П-1
91731,Konut,Loft,1536537600,1549670400,2,152,,9.0,,2+1,,Adana/Seyhan/Gürselpaşa,,Kombi (Doğalgaz),16000.0,TRY,16000.8,Юсупов Айдар Ришатович,23П-1
680,Konut,Yazlık,1542240000,-9223372037,2,104,11-15 arası,2.0,,2+1,85.0,Aydın/Kuşadası/Kadınlar Denizi,,Yok,1200.0,TRY,1199.51,Юсупов Айдар Ришатович,23П-1
16,Konut,Villa,1538438400,1546560000,2,94,6-10 arası,2.0,,4+1,200.0,İzmir/Urla/Çamlıçay,,Fancoil,3600.0,TRY,3600.36,Юсупов Айдар Ришатович,23П-1
18,Konut,Daire,1544400000,1546992000,2,30,0,,,2+1,84.0,İstanbul/Kartal/Kordonboyu,,Fancoil,4200.0,TRY,4200.03,Юсупов Айдар Ришатович,23П-1
